{"text": " Hello, my name is Alice. Is there anything I can help you?", "segments": [{"id": 0, "seek": 0, "start": 0.0, "end": 1.48, "text": " Hello, my name is Alice.", "tokens": [50364, 2425, 11, 452, 1315, 307, 16004, 13, 50438], "temperature": 0.0, "avg_logprob": -0.31581759452819824, "compression_ratio": 0.8787878787878788, "no_speech_prob": 0.0378517210483551}, {"id": 1, "seek": 0, "start": 1.48, "end": 3.48, "text": " Is there anything I can help you?", "tokens": [50438, 1119, 456, 1340, 286, 393, 854, 291, 30, 50538], "temperature": 0.0, "avg_logprob": -0.31581759452819824, "compression_ratio": 0.8787878787878788, "no_speech_prob": 0.0378517210483551}], "language": "en"}